{
  "pred_file": "/home/Hu_xuanwei/aesthetic_eval_framework/outputs/llava_onevision_description_20260403_163106/predictions.jsonl",
  "enabled": [
    "bleu",
    "rouge",
    "meteor",
    "bertscore",
    "sbert_cos",
    "clipscore"
  ],
  "metrics": {
    "N": 6000.0,
    "BLEU": 10.324339369078984,
    "ROUGE-1": 0.51546478773208,
    "ROUGE-2": 0.17070861635732087,
    "ROUGE-L": 0.28494899424192505,
    "METEOR": 0.27541654236789526,
    "BERT-P": 0.729281835625569,
    "BERT-R": 0.7197073122461637,
    "BERT-F1": 0.7241583572924137,
    "SBERT-Cos": 0.8392514383792877,
    "CLIPScore": 0.31855169457942245,
    "CLIP-N": 6000.0
  }
}